Best Model,Hitrate,Winrate,Number of Trades,Sharpe Ratio,Sortino Ratio,Final Balance
RandomForest,0.5509761388286334,1.0,51,1.932610711575983,1.5986179807138459,2154.5827421413096
