Best Model,Hitrate,Winrate,Number of Trades,Sharpe Ratio,Sortino Ratio,Final Balance
RandomForest,0.5357917570498916,1.0,92,1.667791998803347,1.490542256193131,2201.617709454527
