Best Model,Hitrate,Winrate,Number of Trades,Sharpe Ratio,Sortino Ratio,Final Balance
GradientBoosting,0.5403232560087095,0.6819953234606392,2566,0.19519903410407188,0.16392248170992785,0
